{
    "0": {
        "congestions": [
            0,
            4485,
            2210,
            7286,
            10212,
            7150,
            12887,
            7081,
            3081,
            15075,
            2607
        ],
        "delays": [
            0.0,
            1.7886410310559004,
            1.649759,
            1.398255,
            1.391962,
            1.45798,
            0.588094,
            0.9512029999999999,
            1.6459699999999997,
            0.9439069999999999,
            0.5950949999999999
        ],
        "rewards": [
            null,
            0.8211358968944099,
            0.8350241,
            0.21717449999999974,
            -4.1391962,
            0.27920199999999984,
            -4.0588094,
            0.3643796999999998,
            0.835403,
            -4.0943907,
            0.9404905
        ]
    },
    "1": {
        "congestions": [
            0,
            880,
            3694,
            8768,
            6005,
            4742,
            4065,
            3103,
            8377,
            7733,
            6957
        ],
        "delays": [
            0.0,
            0.7998424459234491,
            1.0029220563530532,
            0.9422060083347642,
            0.9557546049399587,
            1.2175026101606075,
            8.881127906882963,
            8.441048261283273,
            8.22621288266202,
            8.013161528230073,
            5.472756592592592
        ],
        "rewards": [
            null,
            0.9200157554076551,
            0.8997077943646947,
            -0.4782206008334768,
            0.9019245395060042,
            0.8782497389839392,
            0.1118872093117037,
            0.15589517387167273,
            -1.0111212882662024,
            -0.6678161528230077,
            -0.025775659259259176
        ]
    },
    "2": {
        "congestions": [
            0,
            3944,
            8234,
            4159,
            1144,
            3725,
            3773,
            6149,
            11885,
            10488,
            2191
        ],
        "delays": [
            0.0,
            1.541765907408863,
            2.2802095249787877,
            3.8291530000000003,
            3.171519,
            2.740552,
            2.6653740000000004,
            3.2977230000000004,
            4.478038,
            4.273454,
            5.718528999999999
        ],
        "rewards": [
            null,
            0.8458234092591137,
            -0.3450209524978788,
            0.6170846999999999,
            0.6828481,
            0.7259448,
            0.7334626,
            0.5957276999999999,
            -4.4478038,
            -4.4273454,
            0.4281471
        ]
    },
    "3": {
        "congestions": [
            0,
            5414,
            11622,
            1919,
            1646,
            1515,
            1547,
            2210,
            3850,
            2407,
            31243
        ],
        "delays": [
            0.0,
            2.1830660675339515,
            3.5969628847877657,
            3.6744150000000007,
            2.7899079999999996,
            2.32987,
            2.608325,
            2.342649,
            2.844673,
            2.775655,
            3.0639770000000004
        ],
        "rewards": [
            null,
            0.7816933932466048,
            -4.359696288478776,
            0.6325584999999999,
            0.7210092,
            0.767013,
            0.7391675,
            0.7657351,
            0.7155327,
            0.7224345,
            -4.3063977
        ]
    },
    "4": {
        "congestions": [
            0,
            957,
            1111,
            4230,
            1656,
            1905,
            8152,
            14664,
            14027,
            12524,
            25503
        ],
        "delays": [
            0.0,
            1.3862087632142392,
            2.9733604117775743,
            3.6600690450581346,
            3.066494,
            2.938386,
            5.249620999999999,
            4.88334,
            4.454705,
            4.491677,
            4.976186
        ],
        "rewards": [
            null,
            0.861379123678576,
            0.7026639588222425,
            0.6339930954941866,
            0.6933506,
            0.7061614,
            -0.6009621000000005,
            -4.488334,
            -4.4454705,
            -4.4491677,
            -4.4976186
        ]
    },
    "5": {
        "congestions": [
            0,
            2122,
            7639,
            5225,
            4554,
            3556,
            5638,
            7396,
            8391,
            9263,
            8465
        ],
        "delays": [
            0.0,
            1.6689350962489613,
            2.91202445849067,
            3.6763287513782466,
            4.334988852779395,
            5.1378181299435015,
            5.759375,
            4.7338439999999995,
            4.279899,
            4.758733,
            4.519601
        ],
        "rewards": [
            null,
            0.8331064903751039,
            -0.11070244584906713,
            0.6323671248621754,
            0.5665011147220604,
            0.4862181870056498,
            0.4240624999999999,
            -0.17138439999999994,
            -0.6234899,
            -1.1073733,
            -0.6844600999999999
        ]
    },
    "6": {
        "congestions": [
            0,
            3755,
            6555,
            2734,
            5602,
            5624,
            13413,
            1077,
            6972,
            15171,
            2776
        ],
        "delays": [
            0.0,
            1.3614541946887337,
            2.2806021909161442,
            2.5892461415972927,
            7.6797467156349075,
            7.762316401110273,
            5.32601,
            4.994017,
            4.610622,
            4.558928,
            3.98846
        ],
        "rewards": [
            null,
            0.8638545805311266,
            0.4944397809083857,
            0.7410753858402708,
            0.23202532843650925,
            0.2237683598889726,
            -4.532601,
            0.5005982999999999,
            0.05293779999999976,
            -4.4558928,
            0.601154
        ]
    },
    "7": {
        "congestions": [
            0,
            3060,
            3571,
            7832,
            10420,
            11228,
            14782,
            9858,
            4995,
            4234,
            4061
        ],
        "delays": [
            0.0,
            2.197880389151851,
            3.5001474880033365,
            3.465666238200174,
            3.6093494941510507,
            7.311001699825718,
            8.323390999999999,
            6.705536,
            6.045996000000001,
            4.388472,
            3.9715130000000003
        ],
        "rewards": [
            null,
            0.7802119610848149,
            0.6499852511996663,
            -0.26256662382001733,
            -4.360934949415105,
            -4.731100169982572,
            -4.8323391,
            -1.5995536000000004,
            0.3954003999999999,
            0.5611527999999999,
            0.6028487
        ]
    },
    "8": {
        "congestions": [
            0,
            554,
            5176,
            3773,
            10551,
            15457,
            22482,
            13726,
            10104,
            2404,
            11474
        ],
        "delays": [
            0.0,
            2.343398030938509,
            3.308279028991543,
            3.4061107921384712,
            3.5395215206741275,
            3.5403251123462995,
            3.6517057195980227,
            4.217227158450013,
            4.414260070993742,
            8.439437999999999,
            11.428458000000001
        ],